Heuristic success,Heuristic verify,Heuristic runtime,Heuristic support size,Heuristic X logical,Heuristic Z logical,Heuristic g,g-SPF success,g-SPF status,g-SPF verify,g-SPF runtime,g-SPF support size,g-SPF X logical,g-SPF Z logical,early flag,early runtime,g-SPF g
False,,0.40256500244140625,,,,,False,CpSolverStatus.INFEASIBLE,,0.021499156951904297,,,,False,,
False,,0.003874063491821289,,,,,False,,,0.0036606788635253906,,,,True,0.003658294677734375,
True,True,0.009554862976074219,3,X0*X4*Z5,X1*X5,1,True,CpSolverStatus.OPTIMAL,True,0.01935267448425293,3,X0*X4*Z5,X1*X5,False,,1
True,True,0.009060144424438477,3,X0*X3*Z5,X1*X5,1,True,CpSolverStatus.OPTIMAL,True,0.013324975967407227,3,Y0*X1*X3*Y5,X1*X5,False,,1
True,True,0.009847879409790039,3,X0*X4*Z5,X1*X5,1,True,CpSolverStatus.OPTIMAL,True,0.010629892349243164,3,X0*X4*Z5,X1*X5,False,,1
True,True,0.010293006896972656,3,X0*X3*Z5,X1*X5,1,True,CpSolverStatus.OPTIMAL,True,0.009352922439575195,3,X0*X3*Z5,X1*X5,False,,1
False,,0.15147113800048828,,,,,False,CpSolverStatus.INFEASIBLE,,0.006114006042480469,,,,False,,
False,,0.004065990447998047,,,,,False,,,0.004179954528808594,,,,True,0.00417780876159668,
False,,0.14553499221801758,,,,,False,CpSolverStatus.INFEASIBLE,,0.005315065383911133,,,,False,,
False,,0.14998197555541992,,,,,False,CpSolverStatus.INFEASIBLE,,0.00634312629699707,,,,False,,
True,True,0.009783029556274414,3,X0*X4*Z5,X1*X5,1,True,CpSolverStatus.OPTIMAL,True,0.009430646896362305,3,Y0*X1*X3*Y5,X1*X5,False,,1
True,True,0.011261940002441406,3,X0*X3*Z5,X2*X5,1,True,CpSolverStatus.OPTIMAL,True,0.00877690315246582,3,X0*X3*Z5,X2*X5,False,,1
True,True,0.010439872741699219,3,X0*X3*Z5,X2*X5,1,True,CpSolverStatus.OPTIMAL,True,0.010198116302490234,3,X0*X4*Z5,X2*X5,False,,1
True,True,0.010390043258666992,3,X0*X4*Z5,X2*X5,1,True,CpSolverStatus.OPTIMAL,True,0.009399890899658203,3,X0*X4*Z5,X2*X5,False,,1
False,,0.0038399696350097656,,,,,False,,,0.003860950469970703,,,,True,0.0038552284240722656,
True,True,0.010692834854125977,3,X0*X3*Z5,X1*X5,1,True,CpSolverStatus.OPTIMAL,True,0.008082866668701172,3,X0*X3*Z5,X1*X5,False,,1
